{"cameraMode":{"drawMode":0,"name":"Shaded","section":"Shading Mode"},"sceneLighting":true,"audioPlay":false,"sceneViewState":{"m_AlwaysRefresh":false,"showFog":true,"showSkybox":true,"showFlares":true,"showImageEffects":true,"showParticleSystems":true,"showVisualEffectGraphs":true,"m_FxEnabled":true},"in2DMode":false,"pivot":{"x":-12.981744766235352,"y":-10.403364181518555,"z":7.997710227966309},"rotation":{"x":0.26948168873786929,"y":-0.44728267192840578,"z":0.14415380358695985,"w":0.8406462669372559},"size":12.12435531616211,"orthographic":false}